SITE_NAME,Lat,Lon,Veast,Vnorth,Vup,sigEast,sigNorth,sigUp
ALTH,36.8896068252,239.3302371402,-0.00931,0.01036,-0.04385,0.0011300000000000001,0.00039,0.00765
ALTH,36.8896068102,239.33023721,-0.00931,0.01036,-0.04385,0.0011300000000000001,0.00039,0.00765
BKR1,35.1323885818,240.8905197216,-0.01356,0.01318,-0.0368,0.0008300000000000001,0.0011300000000000001,0.008440000000000001
BKR1,35.132388467800006,240.890519562,-0.01356,0.01318,-0.0368,0.0008300000000000001,0.0011300000000000001,0.008440000000000001
BVPP,35.1572774514,240.6524908554,-0.01736,0.0151,-0.00045999999999999996,0.00035,0.00018999999999999998,0.00134
BVPP,35.157277437800005,240.6524908504,-0.01736,0.0151,-0.00045999999999999996,0.00035,0.00018999999999999998,0.00134
CAND,35.9393546154,239.566300882,-0.01322,0.01895,0.00045999999999999996,0.00026000000000000003,0.00021,0.00064
CAND,35.939354610100004,239.56630094029998,-0.01322,0.01895,0.00045999999999999996,0.00026000000000000003,0.00021,0.00064
CAND,35.9393545311,239.56630087509998,-0.01322,0.01895,0.00045999999999999996,0.00026000000000000003,0.00021,0.00064
CAND,35.9393535413,239.56630182540002,-0.01322,0.01895,0.00045999999999999996,0.00026000000000000003,0.00021,0.00064
CAND,35.9393535648,239.5663017882,-0.01322,0.01895,0.00045999999999999996,0.00026000000000000003,0.00021,0.00064
CARH,35.8883861065,239.5691762986,-0.02129,0.02615,-0.00033,0.00016,0.00028,0.0005200000000000001
CARH,35.888386075300005,239.56917615470002,-0.02129,0.02615,-0.00033,0.00016999999999999999,0.00028,0.0005200000000000001
CARH,35.888386829699996,239.5691754172,-0.02129,0.02615,-0.00033,0.00016999999999999999,0.00028,0.0005200000000000001
CARH,35.8883868259,239.56917547740002,-0.02129,0.02615,-0.00033,0.00016,0.00028,0.0005200000000000001
CRBT,35.7916146037,239.2492431125,-0.02537,0.03349,-0.00061,0.00016,0.00013000000000000002,0.00078
CRBT,35.7916140393,239.24924260790002,-0.02537,0.03349,-0.00061,0.00016,0.00014,0.00078
CRBT,35.7916141156,239.2492423982,-0.02537,0.03349,-0.00061,0.00016,0.00014,0.00078
CRBT,35.7916141041,239.2492423889,-0.02537,0.03349,-0.00061,0.00016,0.00013000000000000002,0.00078
CRGG,35.2420922073,240.2751766202,-0.01917,0.01904,0.00033,0.00025,0.00025,0.00117
CRGG,35.242092211199996,240.2751766222,-0.01917,0.01904,0.00033,0.00025,0.00025,0.00117
GDEC,35.1894171973,240.1363161813,-0.02354,0.02532,-0.00045999999999999996,0.00016999999999999999,0.00018999999999999998,0.00107
GDEC,35.189417212399995,240.1363161809,-0.02354,0.02532,-0.00045999999999999996,0.00016999999999999999,0.00018999999999999998,0.00107
GDEC,35.189417192600004,240.1363162173,-0.02354,0.02532,-0.00045999999999999996,0.00016999999999999999,0.00018999999999999998,0.00107
GDEC,35.1894172375,240.1363162527,-0.02354,0.02532,-0.00045999999999999996,0.00016999999999999999,0.00018999999999999998,0.00107
GDEC,35.1894172357,240.13631625099998,-0.02354,0.02532,-0.00045999999999999996,0.00016999999999999999,0.00018999999999999998,0.00107
GR8R,36.3990160521,239.5842676934,-0.00901,0.011470000000000001,0.0008699999999999999,0.00057,0.00047000000000000004,0.00084
GR8R,36.3990160688,239.5842677114,-0.00901,0.011470000000000001,0.0008699999999999999,0.00057,0.00047000000000000004,0.00084
GR8V,36.3990092263,239.584226223,-0.00874,0.00968,0.00091,0.00119,0.00118,0.00128
GR8V,36.3990091799,239.5842261638,-0.00874,0.00968,0.00091,0.00119,0.00118,0.00128
HOGS,35.8667168474,239.52050124439998,-0.02252,0.028960000000000003,0.00106,0.00016999999999999999,0.00016999999999999999,0.00085
HOGS,35.866716783600005,239.5205011031,-0.02252,0.028960000000000003,0.00106,0.00016999999999999999,0.00016999999999999999,0.00085
HOGS,35.8667176421,239.5205002791,-0.02252,0.028960000000000003,0.00106,0.00016999999999999999,0.00016999999999999999,0.00085
HOGS,35.866717641,239.52050030799998,-0.02252,0.028960000000000003,0.00106,0.00016999999999999999,0.00016999999999999999,0.00085
HUNT,35.8808141401,239.597613967,-0.01550,0.020569999999999998,0.00037,0.00016999999999999999,0.00011999999999999999,0.0008
HUNT,35.880814065500005,239.5976139015,-0.01550,0.020569999999999998,0.00037,0.00016999999999999999,0.00011999999999999999,0.0008
HUNT,35.880813035900005,239.59761517119998,-0.01550,0.020569999999999998,0.00037,0.00016999999999999999,0.00011999999999999999,0.0008
HUNT,35.8808130409,239.597615149,-0.01550,0.020569999999999998,0.00037,0.00016999999999999999,0.00011999999999999999,0.0008
LAND,35.8997925412,239.5267140304,-0.02163,0.02833,0.00059,0.00014,0.00016999999999999999,0.0006900000000000001
LAND,35.8997926052,239.5267139609,-0.02163,0.02833,0.00059,0.00014,0.00016999999999999999,0.0006900000000000001
LAND,35.8997925342,239.5267138179,-0.02163,0.02833,0.00059,0.00014,0.00016999999999999999,0.0006900000000000001
LAND,35.8997935472,239.5267126818,-0.02163,0.02833,0.00059,0.00014,0.00016999999999999999,0.0006900000000000001
LAND,35.8997935363,239.52671269150002,-0.02163,0.02833,0.00059,0.00014,0.00016999999999999999,0.0006900000000000001
LOWS,35.828712359099995,239.40571253919998,-0.02471,0.03247,-0.0010400000000000001,0.00021,0.00016999999999999999,0.00078
LOWS,35.828712152,239.4057122926,-0.02471,0.03247,-0.0010400000000000001,0.00021,0.00016999999999999999,0.00078
LOWS,35.828712395100005,239.40571191490002,-0.02471,0.03247,-0.0010400000000000001,0.00021,0.00016999999999999999,0.00078
LOWS,35.8287123739,239.4057119325,-0.02471,0.03247,-0.0010400000000000001,0.00021,0.00016,0.00078
MASW,35.8325990604,239.55693798619998,-0.02208,0.02852,0.00086,0.00016,0.00011999999999999999,0.00078
MASW,35.832598996,239.5569378496,-0.02208,0.02852,0.00086,0.00016,0.00011999999999999999,0.00078
MASW,35.8325998985,239.556937188,-0.02208,0.02852,0.00086,0.00016,0.00011999999999999999,0.00078
MASW,35.8325998734,239.5569371889,-0.02208,0.02852,0.00086,0.00016,0.00011999999999999999,0.00078
MEE1,36.1869045531,239.2413964966,-0.00989,0.0122,0.00297,0.00022,0.00029,0.0007700000000000001
MEE1,36.1869044445,239.2413964542,-0.00989,0.0122,0.00297,0.00022,0.00029,0.0007700000000000001
MEE1,36.1869044006,239.24139640369998,-0.00989,0.0122,0.00297,0.00022,0.00029,0.0007700000000000001
MEE1,36.186904416,239.24139639669997,-0.00989,0.0122,0.00297,0.00022,0.00029,0.0007700000000000001
MEE1,36.186904352199996,239.2413963475,-0.00989,0.0122,0.00297,0.00022,0.00029,0.0007700000000000001
MEE2,36.1805268114,239.2331505209,-0.02767,0.03265,0.0021100000000000003,0.00021,0.0002,0.00073
MEE2,36.1805267011,239.2331505232,-0.02767,0.03265,0.0021100000000000003,0.00021,0.0002,0.00073
MEE2,36.1805267538,239.2331503987,-0.02767,0.03265,0.0021100000000000003,0.00021,0.0002,0.00073
MEE2,36.180526751500004,239.2331503859,-0.02767,0.03265,0.0021100000000000003,0.00021,0.0002,0.00073
MEE2,36.1805267535,239.2331503937,-0.02767,0.03265,0.0021100000000000003,0.00021,0.0002,0.00073
MEE2,36.180526747100004,239.23315038849998,-0.02767,0.03265,0.0021100000000000003,0.00021,0.0002,0.00073
MIDA,35.9219149373,239.54116690080002,-0.01506,0.01994,-0.00223,0.0004,0.00029,0.00095
MIDA,35.9219149365,239.5411671038,-0.01506,0.01994,-0.00223,0.0004,0.00029,0.00095
MIDA,35.9219148601,239.54116704930001,-0.01506,0.01994,-0.00223,0.0004,0.00029,0.00095
MIDA,35.9219135719,239.5411682134,-0.01506,0.01994,-0.00223,0.0004,0.00029,0.00095
MIDA,35.921913613899996,239.54116816229998,-0.01506,0.01994,-0.00223,0.0004,0.00029,0.00095
MNMC,35.9694735025,239.5659460348,-0.01147,0.01771,0.00125,0.00023999999999999998,0.00014,0.00063
MNMC,35.969473415500005,239.56594598759997,-0.01147,0.01771,0.00125,0.00023999999999999998,0.00014,0.00063
MNMC,35.9694725937,239.5659465145,-0.01147,0.01771,0.00125,0.00023999999999999998,0.00014,0.00063
MNMC,35.969472596100005,239.5659465361,-0.01147,0.01771,0.00125,0.00023999999999999998,0.00014,0.00063
MNMC,35.9694726144,239.56594648400002,-0.01147,0.01771,0.00125,0.00023999999999999998,0.00014,0.00063
MULN,36.565085376999996,239.9083884312,-0.00831,0.01015,-0.09717999999999999,0.00058,0.00037999999999999997,0.008320000000000001
MULN,36.5650852878,239.90838827349998,-0.00831,0.01015,-0.09717999999999999,0.00058,0.00037999999999999997,0.008320000000000001
MULN,36.5650852853,239.9083883413,-0.00831,0.01015,-0.09717999999999999,0.00058,0.00037999999999999997,0.008320000000000001
P056,36.0274382455,240.93712813599998,-0.01281,0.01056,-0.07117000000000001,0.00036,0.00021,0.00805
P056,36.027438241999995,240.9371280779,-0.01281,0.01056,-0.07117000000000001,0.00036,0.00021,0.00805
P280,35.5440564619,239.6523915162,-0.02446,0.0301,-0.00081,0.00015,0.00015,0.00059
P280,35.544056464,239.6523915371,-0.02446,0.0301,-0.00081,0.00015,0.00015,0.00059
P281,35.8410609093,239.6105375371,-0.01883,0.02597,-0.00042,0.0005200000000000001,0.0002,0.00084
P281,35.8410608905,239.61053755560002,-0.01883,0.02597,-0.00042,0.0005200000000000001,0.0002,0.00084
P282,35.8378100861,239.65478440330003,-0.01571,0.0203,0.0015199999999999999,0.00011999999999999999,0.00011999999999999999,0.0007
P282,35.837810094,239.6547843967,-0.01571,0.0203,0.0015199999999999999,0.00011999999999999999,0.00011999999999999999,0.0007
P283,35.8066707367,239.7147423009,-0.01523,0.01958,0.00112,0.00015,0.00011999999999999999,0.00073
P283,35.8066707526,239.7147422973,-0.01523,0.01958,0.00112,0.00015,0.00011999999999999999,0.00073
P284,35.9332628316,239.09315275560002,-0.02650,0.03279,-0.00086,0.00032,0.00028,0.00055
P284,35.9332628527,239.09315277759998,-0.02650,0.03279,-0.00086,0.00032,0.00028,0.00055
P285,36.417180339,239.01851701919998,-0.01110,0.01356,0.00199,0.00016,0.00016,0.0006900000000000001
P285,36.4171803566,239.0185170337,-0.01110,0.01356,0.00199,0.00016,0.00016,0.0006900000000000001
P285,36.417180355999996,239.0185170191,-0.01110,0.01356,0.00199,0.00016,0.00016,0.0006900000000000001
P285,36.4171803838,239.0185170338,-0.01110,0.01356,0.00199,0.00016,0.00016,0.0006900000000000001
P286,36.5159094477,239.14694241290002,-0.00984,0.01116,0.00026000000000000003,0.0002,0.00021,0.0008900000000000001
P286,36.5159094506,239.146942436,-0.00984,0.01116,0.00026000000000000003,0.0002,0.00021,0.0008900000000000001
P287,36.024837557199994,239.3021652425,-0.02810,0.0327,-2e-05,0.00035,0.00018999999999999998,0.00061
P287,36.0248375754,239.3021653957,-0.02810,0.0327,-2e-05,0.00035,0.00018999999999999998,0.00061
P288,36.1402093289,239.1210953912,-0.02782,0.033389999999999996,0.0005200000000000001,0.00011,0.0001,0.00033
P288,36.1402093215,239.12109541540002,-0.02782,0.033389999999999996,0.0005200000000000001,0.00011,0.0001,0.00033
P288,36.1402093533,239.1210954307,-0.02782,0.033389999999999996,0.0005200000000000001,0.00011,0.0001,0.00033
P289,36.1068442818,239.2511809921,-0.02762,0.03311,0.00072,0.00018999999999999998,0.00014,0.0007
P289,36.1068442772,239.2511810337,-0.02762,0.03311,0.00072,0.00018999999999999998,0.00014,0.0007
P290,36.1789398943,239.2717462111,-0.00886,0.011590000000000001,0.00159,0.00018999999999999998,0.00015,0.00058
P290,36.1789398908,239.2717461909,-0.00886,0.011590000000000001,0.00159,0.00018999999999999998,0.00015,0.00058
P290,36.178939823200004,239.27174614220002,-0.00886,0.011590000000000001,0.00159,0.00018999999999999998,0.00015,0.00058
P291,35.9227796247,239.3552263016,-0.02499,0.03307,-0.00047000000000000004,0.00022,0.00016,0.00088
P291,35.9227796041,239.3552263134,-0.02499,0.03307,-0.00047000000000000004,0.00022,0.00016,0.00088
P292,36.007465078,239.5247227489,-0.00955,0.016319999999999998,0.00247,0.00033,0.0006,0.00059
P292,36.0074651204,239.5247227114,-0.00955,0.016319999999999998,0.00247,0.00033,0.00059,0.00059
P293,36.0893650884,239.45700528970002,-0.00903,0.01377,0.0015400000000000001,0.00018,0.00016999999999999999,0.0006900000000000001
P293,36.0893651211,239.4570052125,-0.00904,0.01377,0.0015400000000000001,0.00018,0.00016999999999999999,0.0006900000000000001
P294,36.1232371357,239.5601164427,-0.00898,0.013569999999999999,0.00159,0.00018999999999999998,0.00018,0.0007099999999999999
P294,36.1232371646,239.56011644720002,-0.00898,0.013569999999999999,0.00159,0.00018999999999999998,0.00018,0.0007099999999999999
P295,35.6970796708,239.15761398560002,-0.02628,0.03403,2e-05,0.00014,0.00014,0.00095
P295,35.697079745399996,239.1576138937,-0.02628,0.03403,2e-05,0.00014,0.00014,0.00095
P295,35.697079746,239.15761388240003,-0.02628,0.03403,2e-05,0.00014,0.00014,0.00095
P296,36.051655976599996,239.6364372579,-0.00898,0.01487,0.00133,0.00022999999999999998,0.00016,0.00081
P296,36.0516559713,239.6364372743,-0.00898,0.01487,0.00133,0.00022999999999999998,0.00016,0.00081
P296,36.0516559723,239.6364372598,-0.00898,0.01487,0.00133,0.00022999999999999998,0.00016,0.00081
P297,35.974088436399995,239.4481391059,-0.02502,0.03234,-0.00036,0.0004,0.0004,0.00072
P297,35.9740884399,239.4481391352,-0.02502,0.03234,-0.00036,0.0004,0.0004,0.00072
P297,35.9740883576,239.4481392673,-0.02502,0.03234,-0.00036,0.0004,0.0004,0.00072
P298,36.0158431563,239.705939585,-0.00912,0.014430000000000002,0.0017800000000000001,0.00016999999999999999,0.00018999999999999998,0.0008900000000000001
P298,36.015843183899996,239.70593955169997,-0.00912,0.014430000000000002,0.0017800000000000001,0.00016999999999999999,0.00018999999999999998,0.0008900000000000001
P298,36.0158431387,239.7059395712,-0.00912,0.014430000000000002,0.0017800000000000001,0.00016999999999999999,0.00018999999999999998,0.0008900000000000001
P299,36.2568200877,239.28980068240003,-0.01037,0.011890000000000001,0.00172,0.00043,0.0005200000000000001,0.0007
P299,36.256820020999996,239.2898005689,-0.01038,0.011890000000000001,0.00172,0.00043,0.0005200000000000001,0.0007
P299,36.2568200066,239.2898004561,-0.01038,0.011890000000000001,0.00172,0.00043,0.0005200000000000001,0.0007
P299,36.256820049299996,239.2898006275,-0.01037,0.011890000000000001,0.00172,0.00043,0.0005200000000000001,0.0007
P300,36.304428147399996,239.72301826700001,-0.00702,0.01234,-0.00011999999999999999,0.00101,0.00058,0.0006
P300,36.3044281842,239.7230183147,-0.00702,0.01234,-0.00011999999999999999,0.00101,0.00058,0.0006
P300,36.3044281211,239.7230182432,-0.00702,0.01234,-0.00011999999999999999,0.00101,0.00058,0.0006
P301,36.8062918418,239.2569455708,-0.00934,0.00949,-0.00025,0.00016,0.0002,0.00075
P301,36.806291865700004,239.2569455679,-0.00934,0.00949,-0.00025,0.00016,0.0002,0.00075
P302,36.634728132199996,239.3814232772,-0.00757,0.01054,-0.00147,0.00058,0.00023999999999999998,0.00084
P302,36.634728133,239.3814232568,-0.00757,0.01054,-0.00147,0.00058,0.00023999999999999998,0.00084
P302,36.6347281277,239.3814232385,-0.00757,0.01054,-0.00147,0.00058,0.00023999999999999998,0.00084
P304,36.7390049536,239.64339960150002,-0.01040,0.00914,-0.01835,0.00025,0.00045,0.00335
P304,36.739004961300004,239.6433995807,-0.01040,0.00914,-0.01835,0.00025,0.00045,0.00335
P307,36.947270851,239.9420785596,-0.01288,0.01061,-0.03625,8e-05,0.00011,0.00243
P307,36.9472708673,239.94207857150002,-0.01288,0.01061,-0.03625,8e-05,0.00011,0.00243
P514,35.010716969099995,239.5902476505,-0.02830,0.03307,-0.0007599999999999999,0.0003,0.00026000000000000003,0.00131
P514,35.0107169782,239.5902476426,-0.02830,0.03307,-0.0007599999999999999,0.0003,0.00026000000000000003,0.00131
P514,35.010717009699995,239.59024760740002,-0.02830,0.03307,-0.0007599999999999999,0.0003,0.00026000000000000003,0.00131
P514,35.0107169701,239.59024762619998,-0.02830,0.03307,-0.0007599999999999999,0.0003,0.00026000000000000003,0.00131
P516,35.106203248,239.61660514849999,-0.02739,0.03304,0.00059,0.00022999999999999998,0.0002,0.0010400000000000001
P516,35.106203268899996,239.6166051779,-0.02739,0.03304,0.00059,0.00023999999999999998,0.0002,0.0010400000000000001
P516,35.1062032745,239.61660515490001,-0.02739,0.03304,0.00059,0.00022999999999999998,0.0002,0.0010400000000000001
P518,35.0200354411,239.9246902034,-0.02753,0.029769999999999998,0.0002,0.00022999999999999998,0.00028,0.0008900000000000001
P518,35.0200354842,239.92469021830001,-0.02753,0.029769999999999998,0.0002,0.00022999999999999998,0.00028,0.0008900000000000001
P522,35.0866128322,240.4639355054,-0.01890,0.01939,-0.0007099999999999999,9e-05,9e-05,0.00082
P522,35.0866128556,240.4639354749,-0.01890,0.01939,-0.0007099999999999999,0.0001,0.0001,0.00082
P522,35.086612851999995,240.4639355329,-0.01890,0.01939,-0.0007099999999999999,9e-05,9e-05,0.00082
P523,35.3044522184,239.1397241371,-0.02836,0.03538,0.0005099999999999999,0.00016,0.00016999999999999999,0.00085
P523,35.304452248800004,239.1397240802,-0.02835,0.03539,0.0005099999999999999,0.00016,0.00016999999999999999,0.00085
P523,35.3044522712,239.13972407490002,-0.02836,0.03538,0.0005099999999999999,0.00016,0.00016999999999999999,0.00085
P523,35.3044522161,239.1397240295,-0.02836,0.03538,0.0005099999999999999,0.00016,0.00016999999999999999,0.00085
P523,35.3044522805,239.1397240559,-0.02836,0.03538,0.0005099999999999999,0.00016,0.00016999999999999999,0.00085
P524,35.166088125,239.40910030310002,-0.02851,0.03431,-0.0007700000000000001,0.0004,0.0004,0.0017
P525,35.4257699222,239.19185561830002,-0.02776,0.034980000000000004,-0.00067,0.00016,0.00022,0.00079
P525,35.4257699366,239.19185562330003,-0.02776,0.034980000000000004,-0.00067,0.00016,0.00022,0.00079
P526,35.635977003,239.1302597275,-0.02799,0.03157,-0.00106,0.00035,0.00029,0.00098
P526,35.6359769771,239.13025966599997,-0.02799,0.03157,-0.00106,0.00035,0.00029,0.00098
P526,35.6359771145,239.1302597916,-0.02798,0.03157,-0.00106,0.00035,0.00029,0.00098
P527,35.7541463605,239.39524292669998,-0.02555,0.0317,-0.00245,0.00045999999999999996,0.0002,0.00055
P527,35.754146346599995,239.39524291560002,-0.02555,0.0317,-0.00245,0.00045999999999999996,0.0002,0.00055
P528,35.327813574000004,239.45454863849997,-0.02672,0.03344,-0.00013000000000000002,0.00015,0.00013000000000000002,0.0009199999999999999
P528,35.327813565300005,239.4545486325,-0.02672,0.03344,-0.00013000000000000002,0.00015,0.00013000000000000002,0.0009199999999999999
P529,35.4404536779,239.64616915759999,-0.02535,0.0307,0.00058,0.00015,0.00013000000000000002,0.0008
P529,35.440453695500004,239.6461691637,-0.02535,0.0307,0.00058,0.00015,0.00013000000000000002,0.0008
P529,35.4404537076,239.64616917150002,-0.02535,0.03069,0.00058,0.00015,0.00013000000000000002,0.0008
P530,35.6248033236,239.5195635662,-0.02481,0.032369999999999996,-0.00145,0.00016999999999999999,0.00033,0.00058
P530,35.6248032757,239.5195635516,-0.02481,0.032369999999999996,-0.00145,0.00016999999999999999,0.00033,0.00058
P531,35.7926924586,239.4633971298,-0.02477,0.03173,0.0011099999999999999,0.00018,0.00018999999999999998,0.00075
P531,35.792692454299996,239.4633971631,-0.02477,0.03173,0.0011099999999999999,0.00018,0.00018999999999999998,0.00075
P531,35.792692466300004,239.463397195,-0.02477,0.03173,0.0011099999999999999,0.00018,0.00018999999999999998,0.00075
P532,35.6338135277,239.732970929,-0.02178,0.0265,0.00199,0.00014,0.00014,0.0009
P532,35.6338135293,239.7329709334,-0.02178,0.0265,0.00199,0.00014,0.00014,0.0009
P532,35.6338135146,239.7329708909,-0.02178,0.0265,0.00199,0.00014,0.00014,0.0009
P533,35.7479321605,239.6290441571,-0.02194,0.02865,0.00037,0.00018,0.00033,0.00079
P533,35.7479321151,239.6290441532,-0.02194,0.02865,0.00037,0.00018,0.00033,0.00079
P535,35.2351294149,239.8985756238,-0.02533,0.028839999999999998,0.00011999999999999999,9e-05,7e-05,0.00058
P535,35.2351294358,239.8985756259,-0.02533,0.028839999999999998,0.00011999999999999999,9e-05,7e-05,0.00058
P536,35.2797697052,239.9749771907,-0.02397,0.02721,0.00074,0.00013000000000000002,0.00011,0.0009
P536,35.2797697156,239.9749771846,-0.02397,0.02721,0.00074,0.00013000000000000002,0.00011,0.0009
P537,35.3167977611,240.0646569536,-0.02180,0.02472,0.00116,0.00014,0.00011999999999999999,0.00082
P537,35.3167977732,240.06465695720001,-0.02180,0.02472,0.00116,0.00014,0.00011999999999999999,0.00082
P537,35.3167978229,240.0646569166,-0.02180,0.02472,0.00116,0.00014,0.00011999999999999999,0.00082
P538,35.5341753039,239.88749806389998,-0.02097,0.02415,0.00209,0.00013000000000000002,0.00013000000000000002,0.00081
P538,35.534175280300005,239.8874980521,-0.02097,0.02415,0.00209,0.00013000000000000002,0.00013000000000000002,0.00081
P538,35.5341752966,239.8874980738,-0.02097,0.02415,0.00209,0.00013000000000000002,0.00013000000000000002,0.00081
P539,35.7026750541,239.8179477126,-0.01620,0.02009,0.00148,0.00011999999999999999,0.00011999999999999999,0.00078
P539,35.7026750673,239.8179477159,-0.01620,0.02009,0.00148,0.00011999999999999999,0.00011999999999999999,0.00078
P540,35.801280437399996,239.8693622077,-0.01227,0.01575,0.00053,0.00015,0.00013000000000000002,0.00059
P540,35.8012804727,239.8693622309,-0.01227,0.01575,0.00053,0.00015,0.00013000000000000002,0.00059
P541,35.6867327311,239.9993201701,-0.01291,0.01595,0.00149,0.00015,0.00011,0.00074
P541,35.6867327448,239.99932014419997,-0.01291,0.01595,0.00149,0.00015,0.00011,0.00074
P542,35.6889119633,239.7073977661,-0.02157,0.02655,0.00073,0.00014,0.0002,0.00082
P542,35.6889119807,239.7073977775,-0.02157,0.02655,0.00073,0.00014,0.0002,0.00082
P543,35.3189936905,240.2867768294,-0.01630,0.018269999999999998,0.00086,0.00015,0.00015,0.00118
P543,35.3189937123,240.28677685259998,-0.01630,0.018269999999999998,0.00086,0.00015,0.00015,0.00118
P543,35.3189936715,240.286776889,-0.01630,0.018269999999999998,0.00086,0.00015,0.00015,0.00118
P544,35.7312686658,240.26196408599998,-0.01051,0.01277,-0.00732,0.00027,0.00023999999999999998,0.001
P544,35.7312686744,240.26196401080003,-0.01051,0.01277,-0.00732,0.00027,0.00023999999999999998,0.001
P544,35.7312686805,240.26196401119998,-0.01051,0.01277,-0.00732,0.00027,0.00023999999999999998,0.001
P545,35.4998429635,240.4641911966,-0.01148,0.0126,-0.013669999999999998,0.00036,0.00018999999999999998,0.00132
P545,35.4998429538,240.4641911469,-0.01148,0.0126,-0.013669999999999998,0.00036,0.00018999999999999998,0.00132
P546,35.9279049422,239.8451143338,-0.00972,0.01484,0.0018800000000000002,0.00016999999999999999,0.00011999999999999999,0.00074
P546,35.9279049495,239.845114294,-0.00972,0.01484,0.0018800000000000002,0.00016999999999999999,0.00011999999999999999,0.00074
P547,35.9347044901,240.0906379713,-0.00985,0.01329,-0.00126,0.00013000000000000002,0.00022,0.00126
P547,35.934704504,240.0906379766,-0.00985,0.01329,-0.00126,0.00013000000000000002,0.00022,0.00126
P547,35.9347045036,240.0906379578,-0.00985,0.01329,-0.00126,0.00013000000000000002,0.00022,0.00126
P552,35.6867272456,239.75503717330002,-0.02040,0.025269999999999997,0.00149,0.00013000000000000002,0.00018,0.00085
P552,35.6867272559,239.75503717650002,-0.02040,0.025269999999999997,0.00149,0.00013000000000000002,0.00018,0.00085
P563,35.418670185,240.5788328668,-0.01094,0.01256,-0.01013,0.0005200000000000001,0.00037,0.0012900000000000001
P563,35.418670144000004,240.578832823,-0.01094,0.01256,-0.01013,0.0005200000000000001,0.00037,0.0012900000000000001
P564,35.6229123091,240.6506086077,-0.00959,0.014280000000000001,-0.044039999999999996,0.00045999999999999996,0.00037999999999999997,0.00244
P564,35.6229122777,240.6506086823,-0.00959,0.014280000000000001,-0.044039999999999996,0.00045999999999999996,0.00037999999999999997,0.00244
P565,35.7438944144,240.7633456585,-0.01289,0.01087,-0.03501,0.00022,0.00035,0.00457
P565,35.743894427,240.76334570560002,-0.01289,0.01087,-0.03501,0.00022,0.00035,0.00457
P566,36.3244552038,240.7707116063,-0.01120,0.00926,-0.01399,0.00022,9e-05,0.00085
P566,36.324455206799996,240.77071161240002,-0.01120,0.00926,-0.01399,0.00022,9e-05,0.00085
P566,36.3244551788,240.7707116311,-0.01120,0.00926,-0.01399,0.00022,9e-05,0.00085
P576,35.669664429499996,239.0299970186,-0.02687,0.03539,0.00037,0.00036,0.00029,0.0007599999999999999
P576,35.6696644537,239.0299971446,-0.02687,0.03539,0.00037,0.00036,0.00029,0.0007599999999999999
P576,35.6696644181,239.0299970881,-0.02687,0.03539,0.00037,0.00036,0.00029,0.0007599999999999999
P578,35.6943326333,239.7609671646,-0.01862,0.023530000000000002,0.0013,0.00013000000000000002,0.00022,0.0008699999999999999
P578,35.6943326614,239.76096712860002,-0.01862,0.023530000000000002,0.0013,0.00013000000000000002,0.00022,0.0008699999999999999
P578,35.6943326633,239.7609671259,-0.01862,0.023530000000000002,0.0013,0.00013000000000000002,0.00022,0.0008699999999999999
P602,35.7291660746,239.7721053098,-0.01597,0.02009,0.0020800000000000003,0.00018,0.00014,0.00091
P602,35.7291660717,239.7721053055,-0.01597,0.02009,0.0020800000000000003,0.00018,0.00014,0.00091
P602,35.7291661013,239.7721053327,-0.01597,0.02009,0.0020800000000000003,0.00018,0.00014,0.00091
P782,35.6938208205,239.78380709270002,-0.01791,0.02248,0.00259,0.00025,0.00015,0.001
P782,35.6938208193,239.78380713220002,-0.01791,0.02248,0.00259,0.00025,0.00015,0.001
P789,35.9465889306,239.5282699674,-0.01215,0.01813,0.0013599999999999999,0.00031,0.00018,0.00084
P789,35.9465889226,239.52826995549998,-0.01215,0.01813,0.0013599999999999999,0.00031,0.00018,0.00084
P790,35.9291500423,239.48462154700002,-0.02362,0.0308,-0.00159,0.00026000000000000003,0.0002,0.00101
P790,35.929150026,239.48462155869998,-0.02362,0.0308,-0.00159,0.00026000000000000003,0.0002,0.00101
P790,35.9291500409,239.48462158450002,-0.02362,0.0308,-0.00159,0.00026000000000000003,0.0002,0.00101
P809,35.743900366700004,240.7632440495,-0.01341,0.011479999999999999,-0.04752,0.0003,0.00033,0.0069900000000000006
P810,35.743957927800004,240.7632808546,-0.01335,0.01175,-0.04771,0.00028,0.00033,0.00922
PEA1,36.1869074867,239.241403538,-0.00926,0.0116,0.00128,0.00054,0.00061,0.00173
PEA2,36.1805329481,239.2331564996,-0.02815,0.0331,0.00112,0.00043,0.00044,0.0017800000000000001
PKDB,35.9452412902,239.4584394425,-0.02193,0.03069,0.00028,0.00018999999999999998,0.00023999999999999998,0.0007700000000000001
PKDB,35.9452412651,239.4584393719,-0.02193,0.03069,0.00028,0.00018999999999999998,0.00023999999999999998,0.0007700000000000001
PKDB,35.9452412928,239.45843926880002,-0.02193,0.03069,0.00028,0.00018999999999999998,0.00023999999999999998,0.0007700000000000001
PKDB,35.945241193499996,239.45843906919998,-0.02193,0.03069,0.00028,0.00018999999999999998,0.00023999999999999998,0.0007700000000000001
PKDB,35.9452417061,239.4584378871,-0.02193,0.03069,0.00028,0.00018999999999999998,0.00023999999999999998,0.0007700000000000001
PKDB,35.945241668499996,239.4584378868,-0.02193,0.03069,0.00028,0.00018999999999999998,0.00023999999999999998,0.0007700000000000001
POMM,35.9199131488,239.5215629473,-0.01880,0.02872,0.00027,0.0006900000000000001,0.00065,0.0009
POMM,35.9199131173,239.5215627204,-0.01880,0.02872,0.00027,0.0006900000000000001,0.00065,0.0009
POMM,35.9199130596,239.521562591,-0.01880,0.02872,0.00027,0.0006900000000000001,0.00065,0.0009
POMM,35.9199136175,239.5215610142,-0.01880,0.02872,0.00027,0.0006900000000000001,0.00065,0.0009
POMM,35.9199135435,239.5215608685,-0.01880,0.02872,0.00027,0.0006900000000000001,0.00065,0.0009
RAPT,36.6649232691,240.5512943829,-0.00952,0.00922,-0.00882,0.00035,0.0007,0.00466
RBRU,36.7591268743,240.17133177,-0.00702,0.00908,-0.0273,0.00078,0.0005099999999999999,0.00598
RBRU,36.7591268802,240.1713317379,-0.00992,0.00998,-0.02355,0.0005,0.0003,0.0038799999999999998
RBRU,36.759126900700004,240.17133165150003,-0.00992,0.00998,-0.02355,0.0005,0.0003,0.0038799999999999998
RNCH,35.8999968051,239.47517141080002,-0.02325,0.030780000000000002,0.00042,0.00023999999999999998,0.00018,0.00067
RNCH,35.8999966436,239.4751712925,-0.02325,0.030780000000000002,0.00042,0.00023999999999999998,0.00018,0.00067
RNCH,35.899997273000004,239.4751703452,-0.02325,0.030780000000000002,0.00042,0.00023999999999999998,0.00018,0.00067
RNCH,35.8999972537,239.4751702913,-0.02325,0.030780000000000002,0.00042,0.00023999999999999998,0.00018,0.00067
TBLP,35.9174125853,239.63966121619998,-0.01312,0.0173,0.00321,0.00016999999999999999,0.0002,0.00093
TBLP,35.9174125344,239.63966113720002,-0.01312,0.0173,0.00321,0.00016999999999999999,0.0002,0.00093
TBLP,35.9174120111,239.639661952,-0.01312,0.0173,0.00321,0.00016999999999999999,0.0002,0.00093
TBLP,35.9174120421,239.639661925,-0.01312,0.0173,0.00321,0.00016999999999999999,0.0002,0.00093
USLO,35.3118069295,239.3389033434,-0.02825,0.03398,-0.0009400000000000001,0.00011999999999999999,0.00013000000000000002,0.0010400000000000001
USLO,35.3118070138,239.33890335200002,-0.02825,0.03398,-0.0009400000000000001,0.00011999999999999999,0.00013000000000000002,0.0010400000000000001
USLO,35.3118070935,239.33890335290002,-0.02825,0.03398,-0.0009400000000000001,0.00011999999999999999,0.00013000000000000002,0.0010400000000000001
USLO,35.3118071119,239.3389033741,-0.02825,0.03398,-0.0009400000000000001,0.00011999999999999999,0.00013000000000000002,0.0010400000000000001
